id,dialogue_id,dialogue_step,speaker,en_text,en_text_ru,ru_text,ru_text_en,ar_text,en_text_ar,ru_text_ar,ar_text_en,ar_text_ru,ar_text_es,es_text,en_text_es,ru_text_es,es_text_en,es_text_ru,es_text_ar,ar_text_de,ar_text_ja,ar_text_ch,ar_text_fr,es_text_de,es_text_ja,es_text_ch,es_text_fr,de_text,en_text_de,ru_text_de,de_text_en,de_text_ru,de_text_ar,de_text_es,de_text_ja,de_text_ch,de_text_fr,ja_text,en_text_ja,ru_text_ja,ja_text_en,ja_text_ru,ja_text_ar,ja_text_es,ja_text_de,ja_text_ch,ja_text_fr,ch_text,en_text_ch,ru_text_ch,ch_text_en,ch_text_ru,ch_text_ar,ch_text_es,ch_text_de,ch_text_ja,ch_text_fr,fr_text,en_text_fr,ru_text_fr,fr_text_en,fr_text_ru,fr_text_ar,fr_text_es,fr_text_de,fr_text_ja,fr_text_ch
101,26,1,NPC,"Hello! I am Hava, i work at the library.",хэллоу ай эм хава ай ворк эт зэ лайбрари,"Привет! Я Хава, я работаю в библиотеке.",privet ya khava ya rabotayu v biblioteke,مَرْحَبًا! أَنَا هَاوَا، أَعْمَلُ فِي الْمَكْتَبَةِ,هالو آي آم هافا آي وورك آت ذا لايبراري,بريفيت يآ خافا يآ رابطايو في بيبليوتيكي,"Marhaban! Ana Hawa, a‘mal fi al-maktaba","Мархабан! Ана Хафа, а‘мал фи ал-мактаба","Marhaban! Ana Hawa, a‘mal fi al-maktaba","¡Hola! Soy Hava, trabajo en la biblioteca.","Hello! I am Hava, I work at the library.","Privet! Ya Khava, ya rabotayu v biblioteke.","Hola! Soy Hava, trabajo en la biblioteca.","Ола! Сой Хафа, трабахо эн ла библиотека",هولا سوي هافا تراباخو إن لا بيبليوتيكا,"Marhaban! Ana Hawa, amal fi al-maktaba.",マルハバン！アナ ハヴァ、アマル フィー アルマクタバ,"ma er ha ban! a na ha wa, a ma le fei a er ma ke ta ba",بونجور جي مابل هافا جي ترافاي آ لا بيبليوتيك,"Hola! Soy Hava, trabajo en la biblioteca.",オラ！ソイ ハヴァ、トラバホ エン ラ ビブリオテカ,"ao la! suo yi ha wa, te la ba huo en la bi bu liao te ka","Bonjour! Je mappelle Hava, je travaille a la bibliotheque","Hallo! Ich bin Hava, ich arbeite in der Bibliothek.","Hallo! Ich bin Hava, ich arbeite in der Bibliothek.","Priwet! Ja Chawa, ja rabotaju w bibliotece.","Hello! I am Hava, I work in the library.","Халло! Их бин Хафа, их арбайтен ин дер библиотек",هالو إيخ بين هافا إيخ آربايتن إن دير بيبليوتيك,"Hallo! Ich bin Hava, ich arbeite in der Bibliothek.",ハロー！イヒ ビン ハヴァ、イヒ アルバイテン イン デア ビブリオテーク,"ha luo! i he bin ha wa, i he a er bai ten in de a er bi bu liao te ke","Bonjour! Je mappelle Hava, je travaille a la bibliotheque",こんにちは！私はハヴァ、図書館で働いています。,ハロー！アイ アム ハヴァ、アイ ワーク アット ザ ライブラリー,プリヴェート！ヤ ハヴァ、ヤ ラボタユ フ ビブリオテーケ,"Konnichiha! Watashi wa Hawa, toshokan de hataraiteimasu.","Конничиха! Ваташи ва Хафа, тосёкан дэ хатарайтэимасу.",كونيتشيها واتاشي وا هافا توشوكان دي هاتارايتييماسو,"Konnichiha! Watashi wa Hawa, toshokan de hataraiteimasu.","Konnichiha! Watashi wa Hawa, toshokan de hataraiteimasu.","kong ni qi ha! wa ta shi wa ha wa, tuo shu kan de ha ta lai tei ma su",ボンジュール！ジュ マペル ハヴァ、ジュ トラヴァイユ ア ラ ビブリオテーク,"nǐ hǎo! wǒ shì hā wǎ, wǒ zài tú shū guǎn gōng zuò.","ha lou! ai mu ha wa, ai wo ke a te za lai bo re ri","pu li wei te! ya ha wa, ya la bo ta yu wu bi pu liao te ke","ni hao! wo shi ha wa, wo zai tu shu guan gong zuo","Ни хао! Во ши Ха ва, во зай ту шу гуань гун цзо",ني هاو وو شي هافا وو زاي تو شو غوان غونغ زوو,"ni hao! wo shi ha wa, wo zai tu shu guan gong zuo","ni hao! wo shi ha wa, wo zai tu shu guan gong zuo",ニー ハオ！ウォ シー ハワ、ウォ ザイ トゥー シュー グアン ゴン ズオ,"bong zhu er! zhe ma pei er ha wa, zhe tra vai ye a la bi bu liao te ke","Bonjour ! Je m'appelle Hava, je travaille à la bibliothèque.","alo! zhe mapel ava, zhe travaille a la biblioteque","privet! ya khava, ya rabotayu v biblioteke","Bonjour! Je mappelle Hava, je travaille a la bibliotheque","Бонжур! Же маппель Хафа, же травай а ла библиотек",بونجور جي مابل هافا جي ترافاي آ لا بيبليوتيك,"Bonjour! Je mappelle Hava, je travaille a la bibliotheque","Bonjour! Je mappelle Hava, je travaille a la bibliotheque",ボンジュール！ジュ マペル ハヴァ、ジュ トラヴァイユ ア ラ ビブリオテーク,"bong zhu er! zhe ma pei er ha wa, zhe tra vai ye a la bi bu liao te ke"
102,26,2,User,Hello. Do you have books about political figures?,Хэллоу. Ду ю хэв букс абаут политикал фигурс?,Привет. У тебя есть книги о политических деятелях?,Privet. U tebya yest knigi o politicheskikh deyatelyakh?,مرحبًا. هل لديك كتب عن الشخصيات السياسية؟,هالو دو يو هاف بوكس اباوت بوليتيكال فيغرز,بريفيت. او تبيا يست كنيغي ا بوليتيشسكيخ دياتلياخ,Marhaban. Hal ladayk kutub an ash-shakhsiyyat as-siyasiyya?,Мархабан. Хал ладайк кутуб ан аш-шахсиййат ас-сийасиййа?,Marhaban. Hal ladayk kutub?,¡Hola! ¿Tienes libros sobre figuras políticas?,Hello. Do you have books?,Privet. U tebya yest knigi?,Hola! Tienes libros sobre figuras politicas?,Ола! Тиенес либрос собре фигурас политикас?,هولا! تينيس ليبروس سوبري فيغوراس بوليتيكاس,Marhaban. Hal ladayk kutub an asch-schachssiyyat as-siyasiyya?,マルハバン。ハル ラダイク クトゥブ アン アシュシャフスィーヤト アッスィーヤスィーヤ？,ma er ha ban. ha le la dai ke ku tu bu an a shu sha he si ya te a si ya si ya?,Marhaban. Hal ladaïk koutoub an ach-chakhsiyyat as-siyasiyya ?,Hola! Tienes libros sobre figuras politicas?,オラ！ティエネス リブロス ソブレ フィグラス ポリーティカス？,ao la! tie nen si li bu luo si suo bu le fei gu la si po li ti ka si?,Hola ! Tienes libros sobre figuras politicas ?,Hallo! Hast du Bücher über politische Persönlichkeiten?,Hallo! Hast du Bücher über politische Persönlichkeiten?,Priwet. U tebja jest knigi o polititscheskich dejatelej?,Hello! Do you have books about political figures?,Халло! Хаст ду бюхер юбер политише персонайхкайтен?,هالو! هاست دو بيوخر اوبر بوليتيشه بيرسونايخكايتن,Hallo. Hast du Buecher?,ハロー！ハスト ドゥー ビューヒャー ユーバー ポリティシェ ペアゾンリヒカイテン？,ha luo! ha si te du bu he er yu bo er po li ti she pei er zong li he kai ten?,Hallo ! Hast du Bücher über politische Persönlichkeiten ?,こんにちは！政治家についての本はありますか？,ハロー！ドゥー ユー ハヴ ブックス アバウト ポリティカル フィギュアズ？,プリヴェート。ウ テビャ エスト クニーギ オ ポリチチェスキフ デヤテリャフ？,Konnichiha! Seijika ni tsuite no hon wa arimasu ka?,Конничиха! Сэйдзика ни цуитэ но хон ва аримасу ка?,كونيتشيها! سيجيكا ني تسيتي نو هون وا اريماسو كا,Konnichiha. Hon wa arimasu ka?,Konnichiha! Seidschika ni tsuite no hon wa arimasu ka?,kong ni qi ha! sei zhi ka ni tui te nuo hong wa a li ma su ka?,Konnichiha ! Seijika ni tsuite no hon wa arimasu ka ?,你好！你有关于政治人物的书吗？,ha lou! du yu ha fu bu ke si a bao te po li ti ke er fei ge si?,pu li wei te. wu te bi ya ye si te ke ni ge o po li ti qie si ke xi de ya te li ya fu?,Ni hao! Ni you guanyu zhengzhi renwu de shu ma?,Ни хао! Ни ёу гуанью чжэнчжи жэньву де шу ма?,ني هاو! ني يوو غوانيو جنجي رينوو دي شو ما,ni hao. ni you shu ma?,Ni hao! Ni you guanyu zhengzhi renwu de schu ma?,ニー ハオ！ニー ヨウ グアンユー ジェンジ レンジュ デ シュー マ？,Ni hao ! Ni you guanyu zhengzhi renwu de shu ma ?,Bonjour ! As-tu des livres sur les figures politiques ?,Bonjour ! As-tu des livres sur les figures politiques ?,Privet. U tebia iest knigi o polititcheskikh dieiatielakh ?,Hello! Do you have books about political figures?,Бонжур! А-ту де ливр сюр ле фигур политик?,بونجور! ا تو دي ليفر سور لي فيغور بوليتيك,Bonjour. As-tu des livres?,Bonjour! As-tu des livres sur les figures politiques?,ボンジュール！ア トゥ デ リーヴル シュール レ フィギュール ポリティーク？,bong zhu er! a tu de li wu er xiu er le fei ge si po li ti ke?
103,26,3,NPC,"Yes, we have many books here.",йес уи хэв мэни букс хир,"Да, у нас здесь много книг.",da u nas zdes mnogo knig,نَعَمْ، لَدَيْنَا كُتُبٌ كَثِيرَةٌ هُنَا,ياس وي هاف ماني بوكس هير,دا أو ناس زادس منوغو كنيغ,"Na‘am, ladayna kutub kathira huna","На‘ам, ладайна кутуб катира хуна","Na‘am, ladayna kutub kathira huna","Sí, tenemos muchos libros aquí.","Yes, we have many books here.","Da, u nas zdes mnogo knig.","Si, tenemos muchos libros aqui.","Си, тенемос мучос либрос аки",سي تنيموس موشوس ليبروس أكي,"Naam, ladayna kutub kathira huna.",ナアム、ラダイナ クトゥブ カシーラ フナ,"na a mu, la dai na ku tu bu ka xi la hu na",وي نو زافون بوكو دي ليفر إيسي,"Si, tenemos muchos libros aqui.",シー、テネモス ムーチョス リブロス アキ,"si, te nen mu si mu chuo si li bu luo si a ki","Oui, nous avons beaucoup de livres ici","Ja, wir haben hier viele Bücher.","Ja, wir haben hier viele Buecher.","Da, u nas sdes mnogo knig.","Yes, we have many books here.","Я, вир хабен хир филье бюхер",يا فير هابن هير فيله بيوخر,"Ja, wir haben hier viele Buecher.",ヤー、ヴィア ハベン ヒア フィーレ ビューヒャー,"ya, wi er ha ben hi er fi le bu he er","Oui, nous avons beaucoup de livres ici",はい、ここにはたくさんの本があります。,イエス、ウィー ハヴ メニー ブックス ヒア,ダ、ウ ナス ズデス ムノーゴ クニグ,"Hai, koko ni wa takusan no hon ga arimasu.","Хай, коко ни ва такусан но хон га аримасу.",هاي كوكو ني وا تاكوسان نو هون غا أريماسو,"Hai, koko ni wa takusan no hon ga arimasu.","Hai, koko ni wa takusan no hon ga arimasu.","hai, kuo kuo ni wa ta ku sang nuo hong ga a li ma su",ウィ、ヌー ザヴォン ボクー デ リーヴル イシ,"shì de, wǒ men zhè lǐ yǒu hěn duō shū.","ye si, wi ha fu men ni bu ke si hia","da, wu na si zi de si mu nuo guo ke ni ge","shi de, wo men zhe li you hen duo shu","Ши дэ, во мэн чжэ ли ёу хэнь дуо шу",شي دي وو من زي لي يوو هين دوو شو,"shi de, wo men zhe li you hen duo shu","shi de, wo men zhe li you hen duo shu",シー デ、ウォ メン ジェ リ ヨウ ヘン ドゥオ シュー,"wei, nu za wong bo ku de li wu er yi xi","Oui, nous avons beaucoup de livres ici.","ui, nu zavon bokou de livre isi","da, u nas zdes mnogo knig","Oui, nous avons beaucoup de livres ici","Уи, ну заво боку де ливр иси",وي نو زافون بوكو دي ليفر إيسي,"Oui, nous avons beaucoup de livres ici","Oui, nous avons beaucoup de livres ici",ウィ、ヌー ザヴォン ボクー デ リーヴル イシ,"wei, nu za wong bo ku de li wu er yi xi"
104,26,4,User,"Good! I want one book, please.",гуд ай вонт уан бук плиз,"Хорошо! Я хочу одну книгу, пожалуйста.",khorosho ya khochu odnu knigu pozhaluysta,جَيِّدٌ! أُرِيدُ كِتَابًا وَاحِدًا، مِنْ فَضْلِكَ,غود آي وانت وان بوك بليز,خوروشو يآ خوتشو أودنو كنيغو بوزالويستا,"Jayyid! Urid kitab wahid, min fadlik","Джаййид! Урид китаб вахид, мин фадлик","Jayyid! Urid kitab wahid, min fadlik","¡Bien! Quiero un libro, por favor.","Good! I want one book, please.","Khorosho! Ya khochu odnu knigu, pozhaluysta.","Bien! Quiero un libro, por favor.","Бьен! Кьеро ун либро, пор фавор",بيين كييرو أون ليبرو بور فافور,"Jayyid! Urid kitab wahid, min fadlik.",ジャイイド！ウリード キターブ ワーヒド、ミン ファドリク,"zha yi de! wu li de ki ta bu wa hi de, min fa de li ke",بيان جي فو آن ليفر سيل تي بلي,"Bien! Quiero un libro, por favor.",ビエン！キエロ ウン リブロ、ポル ファボール,"bi en! ki e luo un li bu luo, puo er fa wo er","Bien! Je veux un livre, sil te plait","Gut! Ich möchte ein Buch, bitte.","Gut! Ich moechte ein Buch, bitte.","Choroscho! Ja chotschu odnu knigu, poschalujsta.","Good! I want one book, please.","Гут! Их мёхте эйн бук, битте",غوت إيخ موختي آين بوخ بيته,"Gut! Ich moechte ein Buch, bitte.",グート！イヒ メヒテ アイン ブーフ、ビッテ,"gu te! i he mo he te ai yin bu he, bi te","Bien! Je veux un livre, sil te plait",いいね！本を一冊お願いします。,グッド！アイ ウォント ワン ブック、プリーズ,ホロショー！ヤ ホーチュ オードヌ クニーグ、ポジャールイスタ,Iine! Hon o issatsu onegaishimasu.,Иинэ! Хон о иссацу онэгаишимасу.,إيني هون أو إيساتسو أونيغايشيماسو,Iine! Hon o issatsu onegaishimasu.,Iine! Hon o issatsu onegaishimasu.,yi ne! hong o yi sa tsu o ne gai shi ma su,ビャン！ジュ ヴー アン リーヴル、シル トゥ プレ,"hǎo! wǒ xiǎng yào yī běn shū, qǐng.","gu de! ai wan te wan bu ke, pu li si","huo luo shuo! ya huo chu o du nu ke ni gu, puo zha lu yi si ta","hao! wo xiang yao yi ben shu, qing","Хао! Во сян яо и бэнь шу, цин",هاو وو شيانغ ياو يي بن شو تشينغ,"hao! wo xiang yao yi ben shu, qing","hao! wo xiang yao yi ben shu, qing",ハオ！ウォ シャン ヤオ イー ベン シュー、チン,"bi yang! zhe veu un li wu er, xi er te pu lai","Bien ! Je veux un livre, s'il te plaît.","byan! zhe ve un livre, sil te plai","khorosho! ya khochu odnu knigu, pozhaluysta","Bien! Je veux un livre, sil te plait","Бьен! Же вё ун ливр, силь те пле",بيان جي فو آن ليفر سيل تي بلي,"Bien! Je veux un livre, sil te plait","Bien! Je veux un livre, sil te plait",ビャン！ジュ ヴー アン リーヴル、シル トゥ プレ,"bi yang! zhe veu un li wu er, xi er te pu lai"
105,27,1,NPC,What book do you want?,вот бук ду ю вонт,Какую книгу ты хочешь?,kakuyu knigu ty khochesh,مَا الْكِتَابُ الَّذِي تُرِيدُهُ؟,وات بوك دو يو وانت,كاكويو كنيغو تي خوتشيش,Ma al-kitab alladhi turiduh?,Ма ал-китаб аллади туридух?,Ma al-kitab alladhi turiduh?,¿Qué libro quieres?,What book do you want?,Kakuyu knigu ty khochesh?,Que libro quieres?,Ке либро кьерес?,كي ليبرو كييريس,Ma al-kitab alladhi turiduh?,マ アルキターブ アラディ トゥリードゥ？,ma a er ki ta bu a la di tu li du?,كيل ليفر فو تو,Que libro quieres?,ケ リブロ キエレス？,ke li bu luo ki e re si?,Quel livre veux-tu?,Welches Buch möchtest du?,Welches Buch moechtest du?,Kakuju knigu ty chotschesch?,Which book do you want?,Вельхес бук мёхтест ду?,فيلخس بوخ موختست دو,Welches Buch moechtest du?,ヴェルヒェス ブーフ メヒテスト ドゥー？,we er he si bu he mo he te si te du?,Quel livre veux-tu?,どの本が欲しい？,ホワット ブック ドゥー ユー ウォント？,カクーユ クニーグ ティ ホーチェシュ？,Dono hon ga hoshii?,Доно хон га хоший?,دونو هون غا هوشي,Dono hon ga hoshii?,Dono hon ga hoshii?,duo nuo hong ga huo shi?,ケル リーヴル ヴー トゥ？,nǐ xiǎng yào nǎ běn shū?,hua te bu ke du yu wan te?,ka ku yu ke ni gu ti huo che shi?,ni xiang yao na ben shu?,Ни сян яо на бэнь шу?,ني شيانغ ياو نا بن شو,ni xiang yao na ben shu?,ni xiang yao na ben shu?,ニー シャン ヤオ ナー ベン シュー？,kei er li wu er veu tu?,Quel livre veux-tu ?,kel livre ve tu?,kakuyu knigu ty khochesh?,Quel livre veux-tu?,Кель ливр вё-ту?,كيل ليفر فو تو,Quel livre veux-tu?,Quel livre veux-tu?,ケル リーヴル ヴー トゥ？,kei er li wu er veu tu?
106,27,2,User,I want a big book about time.,ай вонт а биг бук абаут тайм,Я хочу большую книгу о времени.,ya khochu bolshuyu knigu o vremeni,أُرِيدُ كِتَابًا كَبِيرًا عَنِ الْوَقْتِ,آي وانت آ بيغ بوك أباوت تايم,يآ خوتشو بولشويو كنيغو أو فريميني,Urid kitab kabir ‘an al-waqt,Урид китаб кабир ‘ан ал-вакт,Urid kitab kabir ‘an al-waqt,Quiero un libro grande sobre el tiempo.,I want a big book about time.,Ya khochu bolshuyu knigu o vremeni.,Quiero un libro grande sobre el tiempo.,Кьеро ун либро гранде собре эль тиемпо,كييرو أون ليبرو غراندي سوبري إل تييمبو,Urid kitab kabir an al-waqt.,ウリード キターブ カビール アン アルワク,wu li de ki ta bu ka bi er an a er wa ke te,جي فو آن غرو ليفر سور لي تون,Quiero un libro grande sobre el tiempo.,キエロ ウン リブロ グランデ ソブレ エル ティエンポ,ki e luo un li bu luo ge lan de suo bu le e er tie mu puo,Je veux un gros livre sur le temps,Ich möchte ein großes Buch über Zeit.,Ich moechte ein grosses Buch ueber Zeit.,Ja chotschu bolschuju knigu o wremeni.,I want a big book about time.,Их мёхте эйн гроссес бук юбер цайт,إيخ موختي آين غروسيس بوخ أوبر زايت,Ich moechte ein grosses Buch ueber Zeit.,イヒ メヒテ アイン グロッセス ブーフ ユーバー ツァイト,i he mo he te ai yin ge luo se si bu he yu bo er zai te,Je veux un gros livre sur le temps,時間についての大きな本が欲しいです。,アイ ウォント ア ビッグ ブック アバウト タイム,ヤ ホーチュ ボルシューユ クニーグ オ ヴレーメニ,Jikan ni tsuite no ookina hon ga hoshii desu.,Дзикан ни цуитэ но оокина хон га хоший дэсу.,جيكان ني تسيتي نو أوكينا هون غا هوشي ديسو,Jikan ni tsuite no ookina hon ga hoshii desu.,Jikan ni tsuite no ookina hon ga hoshii desu.,zhi kan ni tui te nuo o ki na hong ga huo shi de su,ジュ ヴー アン グロ リーヴル シュール ル タン,wǒ xiǎng yào yī běn guān yú shí jiān de dà shū.,ai wan te a bi ge bu ke a bao te tai mu,ya huo chu bo er shu yu ke ni gu o wu lie mie ni,wo xiang yao yi ben guan yu shi jian de da shu,Во сян яо и бэнь гуань юй ши цзянь дэ да шу,وو شيانغ ياو يي بن غوان يو شي جيان دي دا شو,wo xiang yao yi ben guan yu shi jian de da shu,wo xiang yao yi ben guan yu shi jian de da shu,ウォ シャン ヤオ イー ベン グアン ユー シー ジアン デ ダー シュー,zhe veu un gu luo li wu er xiu er le tang,Je veux un gros livre sur le temps.,zhe ve un gro livre sur le tan,ya khochu bolshuyu knigu o vremeni,Je veux un gros livre sur le temps,Же вё ун грос ливр сюр ле тан,جي فو آن غرو ليفر سور لي تون,Je veux un gros livre sur le temps,Je veux un gros livre sur le temps,ジュ ヴー アン グロ リーヴル シュール ル タン,zhe veu un gu luo li wu er xiu er le tang
107,27,3,NPC,"I am sorry, we don`t have this book.",ай эм сорри уи донт хэв зис бук,"Простите, у нас нет этой книги.",prosite u nas net etoy knigi,أَنَا آسِفٌ، لَيْسَ لَدَيْنَا هَذَا الْكِتَابُ,آي آم سوري وي دونت هاف ذيس بوك,برستيتي أو ناس نيت إتوي كنيغي,"Ana asif, laysa ladayna hadha al-kitab","Ана асиф, лайса ладайна хаза ал-китаб","Ana asif, laysa ladayna hadha al-kitab","Lo siento, no tenemos ese libro.","I am sorry, we don’t have this book.","Prosite, u nas net etoy knigi.","Lo siento, no tenemos ese libro.","Ло сьенто, но тенемос эсе либро",لو سيينتو نو تنيموس إسي ليبرو,"Ana asif, laysa ladayna hadha al-kitab.",アナ アーシフ、ライサ ラダイナ ハーダ アルキターブ,"a na a si fe, lai sa la dai na ha da a er ki ta bu",جي سوي ديزولي نو نافون با سي ليفر,"Lo siento, no tenemos ese libro.",ロ シエント、ノ テネモス エセ リブロ,"luo si en tuo, nuo te nen mu si e se li bu luo","Je suis desole, nous navons pas ce Juno livre","Es tut mir leid, wir haben dieses Buch nicht.","Es tut mir leid, wir haben dieses Buch nicht.","Prostite, u nas net etoj knigi.","I am sorry, we do not have this book.","Эс тут мир ляйд, вир хабен диэсес бук нихт",إس توت مير لايد فير هابن ديسس بوخ نخت,"Es tut mir leid, wir haben dieses Buch nicht.",エス トゥート ミア ライド、ヴィア ハベン ディーゼス ブーフ ニヒト,"e si tu te mi er lai de, wi er ha ben di ze si bu he ni he te","Je suis desole, nous navons pas ce livre",すみません、その本はありません。,アイ アム ソーリー、ウィー ドント ハヴ ディス ブック,プロスティテ、ウ ナス ネット エトイ クニーギ,"Sumimasen, sono hon wa arimasen.","Сумимасэн, соно хон ва аримасэн.",سوميماسين سونو هون وا أريماسين,"Sumimasen, sono hon wa arimasen.","Sumimasen, sono hon wa arimasen.","su mi ma sen, suo nuo hong wa a li ma sen",ジュ スイ デゾレ、ヌー ナヴォン パ ス リーヴル,"duì bù qǐ, wǒ men méi yǒu zhè běn shū.","ai mu sao ri, wi don te ha fu di si bu ke","pu luo si ti te, wu na si nie te e tuo yi ke ni gi","dui bu qi, wo men mei you zhe ben shu","Дуй бу ци, во мэн мэй ёу чжэ бэнь шу",دوي بو تشي وو من مي يوو زي بن شو,"dui bu qi, wo men mei you zhe ben shu","dui bu qi, wo men mei you zhe ben shu",ドゥイ ブー チー、ウォ メン メイ ヨウ ジェ ベン シュー,"zhe xui de zuo lei, nu na wong pa se li wu er","Je suis désolé, nous n'avons pas ce livre.","zhe sui dezole, nu navon pa se livre","prosite, u nas net etoy knigi","Je suis desole, nous navons pas ce livre","Же сюи дезоле, ну наво па се ливр",جي سوي ديزولي نو نافون با سي ليفر,"Je suis desole, nous navons pas ce livre","Je suis desole, nous navons pas ce livre",ジュ スイ デゾレ、ヌー ナヴォン パ ス リーヴル,"zhe xui de zuo lei, nu na wong pa se li wu er"
108,27,4,User,"Okay, I will come back later.",оукей ай уил кам бэк лэйтер,"Хорошо, я вернусь позже.",khorosho ya vernus pozhe,حَسَنًا، سَأَعُودُ لَاحِقًا,أوكاي آي ويل كوم باك لايتر,خوروشو يآ فيرنوس بوزي,"Hasanan, sa‘ud lahiqan","Хасанан, са‘уд лахикан","Hasanan, sa‘ud lahiqan","Vale, volveré más tarde.","Okay, I will come back later.","Khorosho, ya vernus pozhe.","Vale, volvere mas tarde.","Вале, вольвере мас тарде",فالي فولفيري ماس تاردي,"Hasanan, saud lahiqan.",ハサナン、サウード ラーヒカン,"ha sa nan, sa wu de la hi kan",داكور جي ريفيندراي بلو تار,"Vale, volvere mas tarde.",バレ、ボルベレ マス タルデ,"wa le, wo er we re ma si ta er de","Daccord, je reviendrai plus tard","Okay, ich komme später zurück.","Okay, ich komme spaeter zurueck.","Choroscho, ja wernus posche.","Okay, I will come back later.","О’кей, их комме шпэтер цурюк",أوكاي إيخ كومي شبيتر زوروك,"Okay, ich komme spaeter zurueck.",オーケー、イヒ コメ シュペーター ツリュック,"ou kei, i he kuo me shu pei te zhu liu ke","Daccord, je reviendrai plus tard",了解、後に戻ります。,オーケー、アイ ウィル カム バック レイター,ホロショー、ヤ ヴェルヌス ポージェ,"Ryoukai, ato de modorimasu.","Рёкай, ато дэ модоримасу.",ريوكاي أتو دي مودوريماسو,"Ryoukai, ato de modorimasu.","Ryoukai, ato de modorimasu.","liao kai, a tuo de mo duo li ma su",ダコール、ジュ ルヴィエンドレ プリュ タール,"hǎo ba, wǒ huì hòu lái huí lái.","ou kei, ai wi le kam ba ke lei te","huo luo shuo, ya wei er nu si puo zhe","hao ba, wo hui hou lai hui lai","Хао ба, во хуй хоу лай хуй лай",هاو با وو هوي هو لاي هوي لاي,"hao ba, wo hui hou lai hui lai","hao ba, wo hui hou lai hui lai",ハオ バ、ウォ フイ ホウ ライ フイ ライ,"da kuo er, zhe re viang de lai pu lu ta er","D'accord, je reviendrai plus tard.","dakor, zhe reviendrai plu tar","khorosho, ya vernus pozhe","Daccord, je reviendrai plus tard","Дакор, же рёвьяндре плю тар",داكور جي ريفيندراي بلو تار,"Daccord, je reviendrai plus tard","Daccord, je reviendrai plus tard",ダコール、ジュ ルヴィエンドレ プリュ タール,"da kuo er, zhe re viang de lai pu lu ta er"
109,28,1,NPC,Hello! How can I help you?,хэллоу хау кэн ай хэлп ю,Привет! Как я могу помочь тебе?,privet kak ya mogu pomoch tebe,مَرْحَبًا! كَيْفَ يُمْكِنُنِي مُسَاعَدَتُكَ؟,هالو هاو كان آي هلب يو,بريفيت كاك يآ موغو بوموتش تيبي,Marhaban! Kayf yumkinuni musa‘adatuk?,Мархабан! Кайф юмкинуни мусадатук?,Marhaban! Kayf yumkinuni musa‘adatuk?,¡Hola! ¿Cómo puedo ayudarte?,Hello! How can I help you?,Privet! Kak ya mogu pomoch tebe?,Hola! Como puedo ayudarte?,Ола! Комо пуэдо аюдарте?,هولا كومو بويدو أيودارتي,Marhaban! Kayf yumkinuni musaadatuk?,マルハバン！カイフ ユムキヌニー ムサアダトゥク？,ma er ha ban! kai fu yu mu ki nu ni mu sa a da tu ke?,بونجور كومون بوي جي تيدي,Hola! Como puedo ayudarte?,オラ！コモ プエド アユダルテ？,ao la! kuo muo pu e duo a yu da er te?,Bonjour! Comment puis-je taider?,Hallo! Wie kann ich dir helfen?,Hallo! Wie kann ich dir helfen?,Priwet! Kak ja mogu pomotsch tebe?,Hello! How can I help you?,Халло! Ви канн их дир хельфен?,هالو في كان إيخ دير هيلفن,Hallo! Wie kann ich dir helfen?,ハロー！ヴィー カン イヒ ディア ヘルフェン？,ha luo! wi kan i he di er he er fen?,Bonjour! Comment puis-je taider?,こんにちは！どうやって手伝えますか？,ハロー！ハウ キャン アイ ヘルプ ユー？,プリヴェート！カク ヤ モーグ ポモーチ テビェ？,Konnichiha! Dou yatte tasukemasu ka?,Конничиха! Доу яттэ тасукэмасу ка?,كونيتشيها دو ياتي تاسوكيماسو كا,Konnichiha! Dou yatte tasukemasu ka?,Konnichiha! Dou yatte tasukemasu ka?,kong ni qi ha! duo ya te ta su ke ma su ka?,ボンジュール！コモン ピュイ ジュ テデ？,nǐ hǎo! wǒ kě yǐ zěn me bāng nǐ?,ha lou! hao kan ai he pu yu?,pu li wei te! ka ke ya mo gu po mo qi te bi ye?,ni hao! wo ke yi zen me bang ni?,Ни хао! Во кэ и цзэнь мэ бан ни?,ني هاو وو كي يي زن مي بانغ ني,ni hao! wo ke yi zen me bang ni?,ni hao! wo ke yi zen me bang ni?,ニー ハオ！ウォ ケ イー ゼン メ バン ニー？,bong zhu er! kuo mong pui zhe tai de?,Bonjour ! Comment puis-je t'aider ?,alo! komon pui zhe taide?,privet! kak ya mogu pomoch tebe?,Bonjour! Comment puis-je taider?,Бонжур! Комон пюи-же тэде?,بونجور كومون بوي جي تيدي,Bonjour! Comment puis-je taider?,Bonjour! Comment puis-je taider?,ボンジュール！コモン ピュイ ジュ テデ？,bong zhu er! kuo mong pui zhe tai de?
110,28,2,User,When do you open the library? I am a busy man.,Вэн ду ю оупэн зэ лайбрари? Ай эм а бизи мэн.,Когда ты открываешь библиотеку? Я занятой человек.,Kogda ty otkryvayesh biblioteku? Ya zanyatoy chelovek.,متى تفتح المكتبة؟ أنا رجل مشغول.,وين دو يو اوبن ذا لايبراري؟ آي ام ا بيزي مان,كوغدا تي اوتكريفايش بيبليوتيكو؟ يا زانياتوي شيلوفيك,Mata taftah al-maktaba? Ana rajul mashghul.,Мата тафтах ал-мактаба? Ана раджул машгул.,Mata taftah al-maktaba?,¿Cuándo abres la biblioteca? Soy un hombre ocupado.,When do you open the library?,Kogda ty otkryvayesh biblioteku?,Cuando abres la biblioteca? Soy un hombre ocupado.,Куандо абрес ла библиотека? Сой ун омбре оккупадо.,كواندو ابريس لا بيبليوتيكا؟ سوي اون اومبري اوكوبادو,Mata taftah al-maktaba? Ana radschul maschghul.,マタ タフタフ アルマクタバ？アナ ラジュル マシュグール。,ma ta ta fu ta he a er ma ke ta ba? a na la zhu er ma shu gu er.,Mata taftah al-maktaba ? Ana radjoul machghoul.,Cuando abres la biblioteca? Soy un hombre ocupado.,クアンド アブレス ラ ビブリオテカ？ソイ ウン オンブレ オクパード。,kuan duo a bu le si la bi bu liao te ka? suo yi wu en o mu bu le o ku pa duo.,Cuando abres la biblioteca ? Soy un hombre ocupado.,Wann öffnest du die Bibliothek? Ich bin ein vielbeschäftigter Mann.,Wann öffnest du die Bibliothek? Ich bin ein vielbeschäftigter Mann.,Kogda ty otkrywajesch biblioteku? Ja sanjatoi tschelowek.,When do you open the library? I am a busy man.,Ванн эффнест ду ди библиотек? Их бин айн фильбэшафтиктер манн.,فان اوفنست دو دي بيبليوتيك؟ إيخ بين آين فيلبيشافتيكتر مان,Wann oeffnest du die Bibliothek?,ヴァン エフネスト ドゥー ディー ビブリオテーク？イヒ ビン アイン フィルベシャフティクターマン。,wan e fu ne si te du di bi bu liao te ke? i he bin ai yin fei le be sha fu ti ke te er man.,Wann öffnest du die Bibliothek ? Ich bin ein vielbeschäftigter Mann.,図書館はいつ開きますか？私は忙しい男です。,ウェン ドゥー ユー オープン ザ ライブラリー？アイ アム ア ビジー マン。,コグダー ティ オトクリヴァーエシュ ビブリオテーク？ヤ ザニャトイ チェロヴェーク。,Toshokan wa itsu akimasu ka? Watashi wa isogashii otoko desu.,Тосёкан ва ицу акимасу ка? Ваташи ва исогаший отоко дэсу.,توشوكان وا ايتسو اكيماسو كا؟ واتاشي وا إيسوغاشي اوتوكو ديسو,Toshokan wa itsu akimasu ka?,Toschokan wa itsu akimasu ka? Wataschi wa isogaschii otoko desu.,tuo shu kan wa yi tsu a ki ma su ka? wa ta shi wa yi suo ga shi o tuo kuo de su.,Toshokan wa itsu akimasu ka ? Watashi wa isogashii otoko desu.,你什么时候开图书馆？我是一个忙碌的人。,wen du yu ou pen za lai bo re ri? ai mu a bi zi man.,kuo ge da ti o te ke li wa ye shi bi pu liao te ku? ya za ni ya tuo yi qie luo wei ke.,Ni shenme shihou kai tushuguan? Wo shi yige manglu de ren.,Ни шэнме шихоу кай тушугуань? Во ши игэ манлу де жэнь.,ني شينمي شي هو كاي توشوغوان؟ وو شي ييغي مانغلو دي رين,ni shi me shi hou kai tu shu guan?,Ni schenme schihou kai tuschuguan? Wo schi yige manglu de ren.,ニー シェンメ シホー カイ トゥシュグアン？ウォ シー イーゲ マンルー デ レン。,Ni shenme shihou kai tushuguan ? Wo shi yige manglu de ren.,Quand ouvres-tu la bibliothèque ? Je suis un homme occupé.,Quand ouvres-tu la bibliothèque ? Je suis un homme occupé.,Kogda ty otkryvaïech bibliotekou ? Ia zaniatoï tcheloviek.,When do you open the library? I am a busy man.,Кан увр-ту ла библиотек? Же сюи ун ом оккюпэ.,كون اوفر تو لا بيبليوتيك؟ جي سوي اون اوم اوكوبي,Quand ouvres-tu la bibliotheque?,Quand ouvres-tu la bibliothèque? Je suis un homme occupé.,カン ウーヴル トゥ ラ ビブリオテーク？ジュ スイ ウン オム オキュペ。,kang u fu re tu la bi bu liao te ke? zhe sui wu en o mu o ku pei.
111,28,3,NPC,We open at ten in the morning.,уи оупэн эт тэн ин зэ морнинг,Мы открываем в десять утра.,my otkryvayem v desyat utra,نَفْتَحُ فِي السَّاعَةِ الْعَاشِرَةِ صَبَاحًا,وي أوبن آت تن إن ذا مورنينغ,مي أوتكريفايم في ديسيات أوترا,Naftah fi as-sa‘a al-‘ashira sabahan,Нафтах фи ас-са‘а ал-‘ашира сабахан,Naftah fi as-sa‘a al-‘ashira sabahan,Abrimos a las diez de la mañana.,We open at ten in the morning.,My otkryvayem v desyat utra.,Abrimos a las diez de la manana.,Абримос а лас дьес де ла маньяна,أبريموس آ لاس دييس دي لا مانيانا,Naftah fi as-saa al-ashira sabahan.,ナフタフ フィー アッサア アルアーシラ サバーハン,na fu ta he fei a sa a a er a shi la sa ba han,نو زوفرون آ دي زور دو ماتان,Abrimos a las diez de la manana.,アブリモス ア ラス ディエス デ ラ マニャーナ,a bu li mu si a la si di e si de la ma ni a na,Nous ouvrons a dix heures du matin,Wir öffnen um zehn Uhr morgens.,Wir oeffnen um zehn Uhr morgens.,My otkrywajem w desjat utra.,We open at ten in the morning.,Вир эффнен ум цэйн уйр моргенс,فير أوفنن أوم زين أور مورغنس,Wir oeffnen um zehn Uhr morgens.,ヴィア エフネン ウム ツェーン ウーア モルゲンス,wi er e fu nen um zai yin u er mo er gen si,Nous ouvrons a dix heures du matin,朝の十時に開きます。,ウィー オープン アット テン イン ザ モーニング,ムイ オトクリヴァーエム フ デシャート ウートラ,Asa no juuji ni akimasu.,Аса но дзюудзи ни акимасу.,أسا نو جووجي ني أكيماسو,Asa no juuji ni akimasu.,Asa no juuji ni akimasu.,a sa nuo zhu ji ni a ki ma su,ヌー ズーヴロン ア ディズール デュ マタン,wǒ men zǎo shàng shí diǎn kāi mén.,wi ou pen a te ten in za mo ning,mi o te ke li wa ye mu wu de xia te wu te la,wo men zao shang shi dian kai men,Во мэн цзао шан ши дянь кай мэнь,وو من زاو شانغ شي ديان كاي من,wo men zao shang shi dian kai men,wo men zao shang shi dian kai men,ウォ メン ザオ シャン シー ディアン カイ メン,nu zu fu rong a di ze er du ma tang,Nous ouvrons à dix heures du matin.,nu uvron a di zheur du matin,my otkryvayem v desyat utra,Nous ouvrons a dix heures du matin,Ну уврон а ди зёр дю матэн,نو زوفرون آ دي زور دو ماتان,Nous ouvrons a dix heures du matin,Nous ouvrons a dix heures du matin,ヌー ズーヴロン ア ディズール デュ マタン,nu zu fu rong a di ze er du ma tang
112,28,4,User,Thank you! I will come then and I will fill my bags!,Фэнк ю! Ай уил кам зэн энд ай уил фил май бэгс!,Спасибо! Я приду тогда и наполню свои сумки!,Spasibo! Ya pridu togda i napolnyu svoi sumki!,شكرًا! سأحضر حينئذٍ وسأملأ حقائبي!,ثانك يو! آي ويل كوم ذن اند آي ويل فيل ماي باغز,سباسيبو! يا بريدو توغدا ا نابولنيو سفوي سومكي,Shukran! Sa ahdur hinaydh wa sa amla haqaibi!,Шукран! Са ахдур хинайз ва са амла хакаиби!,Shukran! Sa’ahdur hinaydh,¡Gracias! Vendré entonces y llenaré mis bolsas!,Thank you! I will come then.,Spasibo! Ya pridu togda.,Gracias! Vendre entonces y llenare mis bolsas!,Грасиас! Вендре энтонсес и йенаре мис болсас!,غراسياس! فيندري انتونسيس ا ييناري ميس بولساس,Schukran! Sa ahdur hinaydh wa sa amla haqaibi!,シュクラン！サ アフドゥル ヒナイズ ワ サ アムラ ハカーイビ！,shu ke lan! sa a hu du er hi nai zi wa sa a mu la ha ka yi bi!,Choukran ! Sa ahdour hinaïdh wa sa amla haqaïbi !,Gracias! Vendre entonces y llenare mis bolsas!,グラシアス！ベンドレ エントンセス イ リェナレ ミス ボルサス！,ge la si a si! wen de re en tong se si i lie na re mi si bo er sa si!,Gracias ! Vendre entonces y llenare mis bolsas !,Danke! Ich komme dann und werde meine Taschen füllen!,Danke! Ich komme dann und werde meine Taschen füllen!,Spasibo! Ja pridu togda i napolnu swoi sumki!,Thank you! I will come then and I will fill my bags!,Данке! Их комме данн унд верде майне ташен фюллен!,دانكه! إيخ كومي دان اوند فيردي مايني تاشن فولين,Danke! Ich komme dann.,ダンケ！イヒ コメ ダン ウンド ヴェルデ マイネ タッシェン フュレン！,dan ke! i he kuo me dan wun de wei er de mai ne ta shen fu len!,Danke ! Ich komme dann und werde meine Taschen füllen !,ありがとう！その時に来て、バッグをいっぱいにします！,サンキュー！アイ ウィル カム ゼン アンド アイ ウィル フィル マイ バッグス！,スパシーボ！ヤ プリドゥ トーグダ イ ナポルニュ スヴォイ スムキ！,"Arigatou! Sono toki ni kite, baggu o ippai ni shimasu!","Аригато! Соно токи ни китэ, баггу о иппай ни шимасу!",اريغاتو! سونو توكي ني كيتي، باغو او إيباي ني شيماسو,Arigatou! Sono toki ni kimasu.,"Arigatou! Sono toki ni kite, baggu o ippai ni schimasu!","a li ga tuo! suo nuo tuo ki ni ki te, ba gu o yi pai ni shi ma su!","Arigatou ! Sono toki ni kite, baggu o ippai ni shimasu !",谢谢！我会那时来，把我的包装满！,sang ke yu! ai wi le kam zen an ai wi le fi le mai ba ge si!,si pa xi bo! ya pu li du tuo ge da i na po er ni yu si fuo yi su mu ke!,"Xiexie! Wo hui na shi lai, ba wo de bao zhuang man!","Сесе! Во хуй на ши лай, ба во де бао чжуан ман!",شيشي! وو هوي نا شي لاي، با وو دي باو جووانغ مان,xie xie! wo dao shi hou hui lai,"Xiexie! Wo hui na schi lai, ba wo de bao zhuang man!",シェシェ！ウォ フイ ナ シー ライ、バ ウォ デ バオ ジュアン マン！,"Xiexie ! Wo hui na shi lai, ba wo de bao zhuang man !",Merci ! Je viendrai à ce moment-là et je remplirai mes sacs !,Merci ! Je viendrai à ce moment-là et je remplirai mes sacs !,Spasibo ! Ia pridou togda i napolniou svoï soumki !,Thank you! I will come then and I will fill my bags!,Мерси! Же вьяндре а се моман-ла э же рамплирэ ме сак!,ميرسي! جي فيندراي ا سي مومون-لا ا جي رامبليري مي ساك,Merci! Je viendrai a ce moment-la,Merci! Je viendrai à ce moment-là et je remplirai mes sacs!,メルシー！ジュ ヴィエンドレ ア ス モマン ラ エ ジュ ランプリライ メ サック！,mei er xi! zhe viang de lai a se mo mang la e zhe rang pu li lai me sa ke!
113,29,1,NPC,Hello! Do you need help?,хэллоу ду ю нид хэлп,Привет! Тебе нужна помощь?,privet tebe nuzhna pomoshch,مَرْحَبًا! هَلْ تَحْتَاجُ إِلَى مُسَاعَدَةٍ؟,هالو دو يو نيد هلب,بريفيت تيبي نوزنا بوموش,Marhaban! Hal tahtaj ila musa‘ada?,Мархабан! Хал тахтадж ила мусада?,Marhaban! Hal tahtaj ila musa‘ada?,¡Hola! ¿Necesitas ayuda?,Hello! Do you need help?,Privet! Tebe nuzhna pomoshch?,Hola! Necesitas ayuda?,Ола! Несеситас аюда?,هولا نيسسيتاس أيودا,Marhaban! Hal tahtaj ila musaada?,マルハバン！ハル タフタージュ イラ ムサアダ？,ma er ha ban! ha le ta he ta zhi i la mu sa a da?,بونجور آ تو بيزوان ديد,Hola! Necesitas ayuda?,オラ！ネセシタス アユーダ？,ao la! ne se si ta si a yu da?,Bonjour! As-tu besoin daide?,Hallo! Brauchst du Hilfe?,Hallo! Brauchst du Hilfe?,Priwet! Tebe nuschna pomoschtsch?,Hello! Do you need help?,Халло! Браухст ду хильфе?,هالو براوخست دو هيلفه,Hallo! Brauchst du Hilfe?,ハロー！ブラウヒスト ドゥー ヒルフェ？,ha luo! b lao he si te du hi er fe?,Bonjour! As-tu besoin daide?,こんにちは！助けが必要ですか？,ハロー！ドゥー ユー ニード ヘルプ？,プリヴェート！テビェ ヌージュナ ポーモシュチ？,Konnichiha! Tasuke ga hitsuyou desu ka?,Конничиха! Тасукэ га хицуё дэсу ка?,كونيتشيها تاسوكي غا هيتسويو ديسو كا,Konnichiha! Tasuke ga hitsuyou desu ka?,Konnichiha! Tasuke ga hitsuyou desu ka?,kong ni qi ha! ta su ke ga hi tsu yo de su ka?,ボンジュール！ア トゥ ブゾワン デド？,nǐ hǎo! nǐ xū yào bāng zhù ma?,ha lou! du yu ni de he pu?,pu li wei te! te bi ye nu zhi na po mo shi?,ni hao! ni xu yao bang zhu ma?,Ни хао! Ни сюй яо бан чжу ма?,ني هاو ني شو ياو بانغ زو ما,ni hao! ni xu yao bang zhu ma?,ni hao! ni xu yao bang zhu ma?,ニー ハオ！ニー シュー ヤオ バン ジュ マ？,bong zhu er! a tu be zuan dai de?,Bonjour ! As-tu besoin d'aide ?,alo! a tu bezoin daide?,privet! tebe nuzhna pomoshch?,Bonjour! As-tu besoin daide?,Бонжур! А-ту безуан дэд?,بونجور آ تو بيزوان ديد,Bonjour! As-tu besoin daide?,Bonjour! As-tu besoin daide?,ボンジュール！ア トゥ ブゾワン デド？,bong zhu er! a tu be zuan dai de?
114,29,2,User,"Yes, I want a quiet place to read about our nation's ports.","Йес, ай вонт а квайэт плэйс ту рид абаут ауа нэйшнс портс.","Да, я хочу тихое место, чтобы читать о портах нашей страны.","Da, ya khochu tikhoye mesto, chtoby chitat o portakh nashey strany.",نعم، أريد مكانًا هادئًا لقراءة عن موانئ بلادنا.,ياس، آي وانت ا كوايت بليس تو ريد اباوت اور نايشنز بورتس,دا، يا خوتشو تيخوي ميستو، شتوبي شيتات ا بورتاخ ناشي ستراني,"Naam, urid makan hadi li-qiraat an mawani biladina.","Наам, урид макан хади ли-кираат ан маване биладина.","Na‘am, urid makan hadi’","Sí, quiero un lugar tranquilo para leer sobre los puertos de nuestra nación.","Yes, I want a quiet place.","Da, ya khochu tikhoe mesto.","Si, quiero un lugar tranquilo para leer sobre los puertos de nuestra nacion.","Си, кьеро ун лугара транкило пара леер собре лос пуэртос де нуэстра насион.",سي، كييرو اون لوغار ترانكيلو بارا ليير سوبري لوس بويرتوس دي نويسترا ناسيون,"Naam, urid makan hadi li-qiraat an mawani biladina.",ナアム、ウリード マカーン ハーディ リキラート アン マワーニ ビラディナ。,"na a mu, wu li de ma kan ha di li qi la a te an ma wa ni bi la di na.","Naam, ourid makan hadi li-qiraat an mawani biladina.","Si, quiero un lugar tranquilo para leer sobre los puertos de nuestra nacion.",シー、キエロ ウン ルガル トランキーロ パラ レール ソブレ ロス プエルトス デ ヌエストラ ナシオン。,"si, ki e luo wu en lu ga er te lan ki luo pa la lei er suo bu le luo si pu e er tuo si de nu e si te la na si yong.","Si, quiero un lugar tranquilo para leer sobre los puertos de nuestra nacion.","Ja, ich möchte einen ruhigen Ort, um über die Häfen unserer Nation zu lesen.","Ja, ich möchte einen ruhigen Ort, um über die Häfen unserer Nation zu lesen.","Da, ja chotschu tichoe mesto, tschtoby tschitat o portach naschei strany.","Yes, I want a quiet place to read about our nations ports.","Я, их мёхте эйнен руйген орт, ум юбер ди хэефен унзерер натион цу лезен.",يا، إيخ موختي آينن رويغن اورت، اوم اوبر دي هيفن اونزيرر ناتيون زو ليزن,"Ja, ich moechte einen ruhigen Ort.",ヤー、イヒ メヒテ アインェン ルーヒゲン オルト、ウム ユーバー ディー ヘーフェン ウンゼラー ナツィオン ツー レゼン。,"ya, i he mo he te ai nen lu hi gen ao er te, wu mu yu bo er di he fen wun ze le na tsi yong tsu le zen.","Ja, ich möchte einen ruhigen Ort, um über die Häfen unserer Nation zu lesen.",はい、国の港について読むための静かな場所が欲しいです。,イエス、アイ ウォント ア クワイエット プレイス トゥ リード アバウト アワー ネイションズ ポーツ。,ダ、ヤ ホーチュ ティーホエ メースト チュトビ チタート オ ポルタフ ナシェイ ストラニー。,"Hai, kuni no minato ni tsuite yomu tame no shizuka na basho ga hoshii desu.","Хай, куни но минато ни цуитэ ёму тамэ но шизука на басё га хоший дэсу.",هاي، كوني نو ميناتو ني تسيتي يومو تامي نو شيزوكا نا باشو غا هوشي ديسو,"Hai, shizuka na basho ga hoshii desu.","Hai, kuni no minato ni tsuite yomu tame no schizuka na bascho ga hoschii desu.","hai, ku ni nuo mi na tuo ni tui te yo mu ta me nuo shi zu ka na ba shuo ga huo shi de su.","Hai, kuni no minato ni tsuite yomu tame no shizuka na basho ga hoshii desu.",是的，我想找一个安静的地方读关于我们国家港口的书。,"ye si, ai wan te a kuai ye te pu lei si tu ri de a bao te ao er nei shen po er ci.","da, ya huo chu ti huo e mie si tuo, qi tuo bi qi ta te o po er ta fu na shie si te la ni.","Shi de, wo xiang zhao yige anjing de difang du guanyu women guojia gangkou de shu.","Ши дэ, во сян чжао игэ аньцзин де дифан ду гуанью вомэнь гоцзя ганкоу де шу.",شي دي، وو شيانغ جاو ييغي آنجينغ دي ديفانغ دو غوانيو وومين غوجيا غانغكو دي شو,"shi de, wo xiang yao yi ge an jing de di fang","Schi de, wo xiang zhao yige anjing de difang du guanyu women guodscha gangkou de schu.",シー デ、ウォ シャン ジャオ イーゲ アンジン デ ディファン ドゥ グアンユー ウォメン グオジア ガンコウ デ シュー。,"Shi de, wo xiang zhao yige anjing de difang du guanyu women guojia gangkou de shu.","Oui, je veux un endroit calme pour lire sur les ports de notre nation.","Oui, je veux un endroit calme pour lire sur les ports de notre nation.","Da, ia khotchu tikhoïe mesto, tchtoby tchitat o portakh nacheï strany.","Yes, I want a quiet place to read about our nations ports.","Уи, же вё ун андруа калм пур лир сюр ле пор де нётр насьон.",وي، جي فو اون اندروا كالم بور لير سور لي بور دي نوتر ناسيون,"Oui, je veux un endroit calme","Oui, je veux un endroit calme pour lire sur les ports de notre nation.",ウィ、ジュ ヴー アン アンドロワ カルム プール リール シュール レ ポール ド ノートル ナシオン。,"wei, zhe veu wu en ang de rua ka er mu pu er li er xiu er le po er de no te er na xi yong."
115,29,3,NPC,We have a quiet room over there.,уи хэв а квайэт рум оувэр зэр,У нас есть тихая комната там.,u nas yest tikhaya komnata tam,لَدَيْنَا غُرْفَةٌ هَادِئَةٌ هُنَاكَ,وي هاف آ كوايت روم أوفر ذير,أو ناس يست تيخايا كومناتا تام,Ladayna ghurfa hadi’a hunak,Ладайна гурфа хади’а хунак,Ladayna ghurfa hadi’a hunak,Tenemos una sala tranquila allí.,We have a quiet room over there.,U nas yest tikhaya komnata tam.,Tenemos una sala tranquila alli.,Тенемос уна сала транкила айи,تنيموس أونا سالا ترانكيلا أيي,Ladayna ghurfa hadia hunak.,ラダイナ グルファ ハーディア フナーク,la dai na gu er fa ha di a hu na ke,نو زافون أون سال كالم لا با,Tenemos una sala tranquila alli.,テネモス ウナ サラ トランキラ アイ,te nen mu si u na sa la te lan ki la a yi,Nous avons une salle calme la-bas,Wir haben dort drüben einen ruhigen Raum.,Wir haben dort drueben einen ruhigen Raum.,U nas jest tichaja komnata tam.,We have a quiet room over there.,Вир хабен дортрюбен эйнен руйген раум,فير هابن دورت روبن آينن رويغن راوم,Wir haben dort drueben einen ruhigen Raum.,ヴィア ハベン ドルト ドリューベン アインェン ルーヒゲン ラウム,wi er ha ben duo er te diu ben ai nen lu hi gen lao mu,Nous avons une salle calme la-bas,あそこに静かな部屋があります。,ウィー ハヴ ア クワイエット ルーム オーバー ゼア,ウ ナス エスト ティーハヤ コムナータ タム,Asoko ni shizuka na heya ga arimasu.,Асоко ни сизука на хэя га аримасу.,أسوكو ني شيزوكا نا هييا غا أريماسو,Asoko ni shizuka na heya ga arimasu.,Asoko ni shizuka na heya ga arimasu.,a suo kuo ni shi zu ka na he ya ga a li ma su,ヌー ザヴォン ウヌ サル カルム ラ バ,wǒ men nà biān yǒu yī gè ān jìng de fáng jiān.,wi ha fu a kuai ye te ru mu ou wa zea,wu na si ye si te ti ha ya kuo mu na ta ta mu,wo men na bian you yi ge an jing de fang jian,Во мэн на бянь ёу и гэ ань цзин дэ фан цзянь,وو من نا بيان يوو يي گي آن جينغ دي فانغ جيان,wo men na bian you yi ge an jing de fang jian,wo men na bian you yi ge an jing de fang jian,ウォ メン ナー ビアン ヨウ イー ゲ アン ジン デ ファン ジアン,nu za wong un sa er ka er mu la ba,Nous avons une salle calme là-bas.,nu zavon une sal kalm la ba,u nas yest tikhaya komnata tam,Nous avons une salle calme la-bas,Ну заво ун саль калм ла-ба,نو زافون أون سال كالم لا با,Nous avons une salle calme la-bas,Nous avons une salle calme la-bas,ヌー ザヴォン ウヌ サル カルム ラ バ,nu za wong un sa er ka er mu la ba
116,29,4,User,"Nice! Thank you, Hava. I will sit at that table.","Найс! Фэнк ю, Хава. Ай уил сит эт зэт тэйбл.","Отлично! Спасибо, Хава. Я сяду за тот стол.","Otlichno! Spasibo, Khava. Ya syadu za tot stol.",رائع! شكرًا، هافا. سأجلس عند تلك الطاولة.,نايس! ثانك يو، هافا. آي ويل سيت ات ذات تيبل,اوتلينشو! سباسيبو، خافا. يا سيادو زا توت ستول,"Raii! Shukran, Hawa. Sa ajlis ind tilk at-tawila.","Раи! Шукран, Хафа. Са аджлис инд тилк ат-тавила.","Ra’i‘! Shukran, Hawa","¡Genial! Gracias, Hava. Me sentaré en esa mesa.","Nice! Thank you, Hava.","Otlichno! Spasibo, Khava.","Genial! Gracias, Hava. Me sentare en esa mesa.","Хениаль! Грасиас, Хафа. Ме сентарэ эн эса меса.",خينيال! غراسياس، هافا. مي سينتاري ان اسا ميسا,"Raii! Schukran, Hawa. Sa adschlis ind tilk at-tawila.",ライー！シュクラン、ハワ。サ アジリス インド ティルク アッタウィラ。,"la yi! shu ke lan, ha wa. sa a zhi li si yin de ti er ke a te ta wi la.","Raïi ! Choukran, Hawa. Sa adjlis ind tilk at-tawila.","Genial! Gracias, Hava. Me sentare en esa mesa.",ヘニアル！グラシアス、ハヴァ。メ センターレ エン エサ メサ。,"he ni a er! ge la si a si, ha wa. me sen ta re en e sa me sa.","Genial ! Gracias, Hava. Me sentare en esa mesa.","Toll! Danke, Hava. Ich werde an dem Tisch sitzen.","Toll! Danke, Hava. Ich werde an dem Tisch sitzen.","Otlichno! Spasibo, Chawa. Ja sjadu sa tot stol.","Great! Thank you, Hava. I will sit at that table.","Толль! Данке, Хафа. Их верде ан дем тиш зитцен.",تول! دانكه، هافا. إيخ فيردي ان ديم تيش زيتزن,"Toll! Danke, Hava.",トール！ダンケ、ハヴァ。イヒ ヴェルデ アン デム ティシュ ジッツェン。,"tuo er! dan ke, ha wa. i he wei er de an de mu ti shu zi tsen.","Toll ! Danke, Hava. Ich werde an dem Tisch sitzen.",素晴らしい！ありがとう、ハヴァ。あのテーブルに座ります。,ナイス！サンキュー、ハヴァ。アイ ウィル シット アット ザット テーブル。,オトリチノ！スパシーボ、ハヴァ。ヤ シアドゥ ザ トート ストール。,"Subarashii! Arigatou, Hawa. Ano teburu ni suwarimasu.","Субараший! Аригато, Хафа. Ано тэбуру ни суваримасу.",سوباراشي! اريغاتو، هافا. انو تيبورو ني سوواريماسو,"Subarashii! Arigatou, Hawa.","Subaraschii! Arigatou, Hawa. Ano teburu ni suwarimasu.","su ba la shi! a li ga tuo, ha wa. a nuo te bu lu ni su wa li ma su.","Subarashii ! Arigatou, Hawa. Ano teburu ni suwarimasu.",太好了！谢谢，哈瓦。我会坐在那个桌子旁。,"nai si! sang ke yu, ha wa. ai wi le si te a te za te tei bo.","o te li qi nuo! si pa xi bo, ha wa. ya xi ya du za tuo te si tuo er.","Tai hao le! Xiexie, Hawa. Wo hui zuo zai nage zhuozi pang.","Тай хао лэ! Сесе, Хафа. Во хуй цзо цзай наге чжуоцзы пан.",تاي هاو لي! شيشي، هافا. وو هوي زو زاي نا غي جووزي بانغ,"tai hao le! xie xie, ha wa","Tai hao le! Xiexie, Hawa. Wo hui zuo zai nage zhuozi pang.",タイ ハオ レ！シェシェ、ハワ。ウォ フイ ズオ ザイ ナゲ ジュオズ パン。,"Tai hao le ! Xiexie, Hawa. Wo hui zuo zai nage zhuozi pang.","Super ! Merci, Hava. Je vais m’asseoir à cette table.","Super ! Merci, Hava. Je vais m’asseoir à cette table.","Otlichno ! Spasibo, Khava. Ia siadou za tot stol.","Great! Thank you, Hava. I will sit at that table.","Сюпер! Мерси, Хафа. Же вэ м’ассоар а сет табль.",سوبر! ميرسي، هافا. جي فا ماسوار ا سيت تابل,"Super! Merci, Hava","Super! Merci, Hava. Je vais m’asseoir à cette table.",シュペール！メルシー、ハヴァ。ジュ ヴェ マソワール ア セット ターブル。,"xu pei er! mei er xi, ha wa. zhe wa ma suo wa a se te ta bu le."
117,30,1,NPC,Hello! Do you have that book about power?,Хэллоу! Ду ю хэв зэт бук абаут пауэр?,Привет! У тебя есть та книга о власти?,Privet! U tebya yest ta kniga o vlasti?,مرحبًا! هل لديك تلك الكتاب عن السلطة؟,هالو! دو يو هاف ذات بوك اباوت باور,بريفيت! او تبيا يست تا كنيغا ا فلاستي,Marhaban! Hal ladayk dhalik al-kitab an as-sulta?,Мархабан! Хал ладайк залик ал-китаб ан ас-сульта?,Marhaban! Hal ladayk dhalik al-kitab?,¡Hola! ¿Tienes ese libro sobre el poder?,Hello! Do you have that book?,Privet! U tebya yest eta kniga?,Hola! Tienes ese libro sobre el poder?,Ола! Тиенес эсе либро собре эль подер?,هولا! تينيس اسي ليبرو سوبري ال بودير,Marhaban! Hal ladayk dhalik al-kitab an as-sulta?,マルハバン！ハル ラダイク ザーリク アルキターブ アン アッスルタ？,ma er ha ban! ha le la dai ke za li ke a er ki ta bu an a si su er ta?,Marhaban ! Hal ladaïk dhalik al-kitab an as-soulta ?,Hola! Tienes ese libro sobre el poder?,オラ！ティエネス エセ リブロ ソブレ エル ポデール？,ao la! tie nen si e se li bu luo suo bu le e er po de er?,Hola ! Tienes ese libro sobre el poder ?,Hallo! Hast du dieses Buch über Macht?,Hallo! Hast du dieses Buch über Macht?,Priwet! U tebja jest ta kniga o wlasti?,Hello! Do you have that book about power?,Халло! Хаст ду диэсес бук юбер махт?,هالو! هاست دو ديسس بوخ اوبر ماخت,Hallo! Hast du dieses Buch?,ハロー！ハスト ドゥー ディーゼス ブーフ ユーバー マハト？,ha luo! ha si te du di ze si bu he yu bo er ma he te?,Hallo ! Hast du dieses Buch über Macht ?,こんにちは！その権力についての本はありますか？,ハロー！ドゥー ユー ハヴ ザット ブック アバウト パワー？,プリヴェート！ウ テビャ エスト タ クニーガ オ ヴラスチ？,Konnichiha! Sono kenryoku ni tsuite no hon wa arimasu ka?,Конничиха! Соно кэнрёку ни цуитэ но хон ва аримасу ка?,كونيتشيها! سونو كينريوكو ني تسيتي نو هون وا اريماسو كا,Konnichiha! Sono hon wa arimasu ka?,Konnichiha! Sono kenryoku ni tsuite no hon wa arimasu ka?,kong ni qi ha! suo nuo ken li yuo ku ni tui te nuo hong wa a li ma su ka?,Konnichiha ! Sono kenryoku ni tsuite no hon wa arimasu ka ?,你好！你有那本关于权力的书吗？,ha lou! du yu ha fu za te bu ke a bao te pao er?,pu li wei te! wu te bi ya ye si te ta ke ni ge o wu la si ti?,Ni hao! Ni you na ben guanyu quanli de shu ma?,Ни хао! Ни ёу на бэнь гуанью цюаньли де шу ма?,ني هاو! ني يوو نا بين غوانيو تشوانلي دي شو ما,ni hao! ni you na ben shu ma?,Ni hao! Ni you na ben guanyu quanli de schu ma?,ニー ハオ！ニー ヨウ ナ ベン グアンユー チュアンリー デ シュー マ？,Ni hao ! Ni you na ben guanyu quanli de shu ma ?,Bonjour ! As-tu ce livre sur le pouvoir ?,Bonjour ! As-tu ce livre sur le pouvoir ?,Privet ! U tebia iest ta kniga o vlasti ?,Hello! Do you have that book about power?,Бонжур! А-ту се ливр сюр ле пувоар?,بونجور! ا تو سي ليفر سور لي بوفوار,Bonjour! As-tu ce livre?,Bonjour! As-tu ce livre sur le pouvoir?,ボンジュール！ア トゥ ス リーヴル シュール ル プヴォワール？,bong zhu er! a tu se li wu er xiu er le pu wu wa er?
118,30,2,User,"Yes, I want to give that book back. It was so deep!","Йес, ай вонт ту гив зэт бук бэк. Ит воз со дип!","Да, я хочу вернуть эту книгу. Она была такой глубокой!","Da, ya khochu vernut etu knigu. Ona byla takoy glubokoy!",نعم، أريد إعادة تلك الكتاب. كان عميقًا جدًا!,ياس، آي وانت تو غيف ذات بوك باك. ايت واز سو ديب,دا، يا خوتشو فيرنوت ايت كنيغو. اونا بيلا تاكوي غلوكوبوي,"Naam, urid iadat dhalik al-kitab. Kan amiqan jiddan!","Наам, урид иадат залик ал-китаб. Кан амикан джиддан!","Na‘am, urid i‘adat dhalik al-kitab","Sí, quiero devolver ese libro. ¡Fue tan profundo!","Yes, I want to give that book back.","Da, ya khochu vernut etu knigu.","Si, quiero devolver ese libro. Fue tan profundo!","Си, кьеро девольвер эсе либро. Фуэ тэн профундо!",سي، كييرو ديفولفير اسي ليبرو. فوي تان بروفوندو,"Naam, urid iadat dhalik al-kitab. Kan amiqan dschiddan!",ナアム、ウリード イアーダ ザーリク アルキターブ。カン アミーカン ジッダン！,"na a mu, wu li de yi a da za li ke a er ki ta bu. kan a mi kan zhi dan!","Naam, ourid iadat dhalik al-kitab. Kan amiqan djiddan !","Si, quiero devolver ese libro. Fue tan profundo!",シー、キエロ デボルベル エセ リブロ。フエ タン プロフンド！,"si, ki e luo de wo er we er e se li bu luo. fu e tan pu luo fun duo!","Si, quiero devolver ese libro. Fue tan profundo !","Ja, ich möchte dieses Buch zurückgeben. Es war so tiefgründig!","Ja, ich möchte dieses Buch zurückgeben. Es war so tiefgründig!","Da, ja chotschu wernut etu knigu. Ona byla takoi glubokoi!","Yes, I want to return that book. It was so deep!","Я, их мёхте диэсес бук цурюкгебен. Эс вар зо тифгрюндик!",يا، إيخ موختي ديسس بوخ زوروك غيبن. اس وار زو تيفغرونديك,"Ja, ich moechte dieses Buch zurueckgeben.",ヤー、イヒ メヒテ ディーゼス ブーフ ツリュックゲーベン。エス ヴァー ゾー ティーフグリュンディク！,"ya, i he mo he te di ze si bu he tsu liu ke ge ben. e si wa er zo ti fu ge lun di ke!","Ja, ich möchte dieses Buch zurückgeben. Es war so tiefgründig !",はい、その本を返したいです。とても深かったです！,イエス、アイ ウォント トゥー ギヴ ザット ブック バック。イット ワズ ソー ディープ！,ダ、ヤ ホーチュ ヴェルヌート エトゥ クニーグ。オナ ビラ タコイ グルボーコイ！,"Hai, sono hon o kaeshitai desu. Totemo fukakatta desu!","Хай, соно хон о каэшитай дэсу. Тотэмо фукакатта дэсу!",هاي، سونو هون او كايشيتاي ديسو. توتيمو فوكاكاتا ديسو,"Hai, sono hon o kaeshitai desu.","Hai, sono hon o kaeschitai desu. Totemo fukakatta desu!","hai, suo nuo hong o ka e shi tai de su. tuo te mo fu ka ka ta de su!","Hai, sono hon o kaeshitai desu. Totemo fukakatta desu !",是的，我想还那本书。真是太深刻了！,"ye si, ai wan te tu gi fu za te bu ke ba ke. i te wo zi sou di pu!","da, ya huo chu wei er nu te e tu ke ni gu. o na bi la ta kuo yi ge lu bo kuo yi!","Shi de, wo xiang huan na ben shu. Zhen shi tai shenke le!","Ши дэ, во сян хуань на бэнь шу. Чжэнь ши тай шэнькэ лэ!",شي دي، وو شيانغ هوآن نا بين شو. جن شي تاي شينكي لي,"shi de, wo xiang huan na ben shu","Schi de, wo xiang huan na ben schu. Zhen schi tai schenke le!",シー デ、ウォ シャン フアン ナ ベン シュー。ジェン シー タイ シェンケ レ！,"Shi de, wo xiang huan na ben shu. Zhen shi tai shenke le !","Oui, je veux rendre ce livre. Il était tellement profond !","Oui, je veux rendre ce livre. Il était tellement profond !","Da, ia khotchu vernout etou knigou. Ona byla takoï gloubokoï !","Yes, I want to return that book. It was so deep!","Уи, же вё рандр се ливр. Иль этэ тельман профон!",وي، جي فو روندر سي ليفر. ايل اتي تيلمان بروفون,"Oui, je veux rendre ce livre","Oui, je veux rendre ce livre. Il était tellement profond!",ウィ、ジュ ヴー ロンドル ス リーヴル。イル エテ テルマン プロフォン！,"wei, zhe veu rang de se li wu er. yi er e te te er mang pu luo fong!"
119,30,3,NPC,Good! Please give it to me.,гуд плиз гив ит ту ми,"Хорошо! Пожалуйста, дай её мне.",khorosho pozhaluysta day eyo mne,جَيِّدٌ! مِنْ فَضْلِكَ، أَعْطِهِ لِي,غود بليز غيف إت تو مي,خوروشو بوزالويستا داي يو مني,"Jayyid! Min fadlik, a‘tih li","Джаййид! Мин фадлик, а‘тих ли","Jayyid! Min fadlik, a‘tih li","¡Bien! Por favor, dámelo.",Good! Please give it to me.,"Khorosho! Pozhaluysta, day eyo mne.","Bien! Por favor, damelo.","Бьен! Пор фавор, дамело",بيين بور فافور داميلو,"Jayyid! Min fadlik, atih li.",ジャイイド！ミン ファドリク、アティフ リ,"zha yi de! min fa de li ke, a ti he li",بيان دون لو موا سيل تي بلي,"Bien! Por favor, damelo.",ビエン！ポル ファボール、ダメロ,"bi en! puo er fa wo er, da me luo","Bien! Donne-le-moi, sil te plait",Gut! Bitte gib es mir.,Gut! Bitte gib es mir.,"Choroscho! Poschalujsta, daj ejo mne.",Good! Please give it to me.,Гут! Битте гиб эс мир,غوت بيته غيب إس مير,Gut! Bitte gib es mir.,グート！ビッテ ギブ エス ミア,gu te! bi te gi bu e si mi er,"Bien! Donne-le-moi, sil te plait",いいね！それください。,グッド！プリーズ ギヴ イット トゥー ミー,ホロショー！ポジャールイスタ、ダイ エヨ ムネ,Iine! Sore kudasai.,Иинэ! Сорэ кудасай.,إيني سوري كوداساي,Iine! Sore kudasai.,Iine! Sore kudasai.,yi ne! suo le ku da sai,ビャン！ドン ル モワ、シル トゥ プレ,hǎo! qǐng bǎ tā gěi wǒ.,gu de! pu li si gi fu i te tu mi,"huo luo shuo! puo zha lu yi si ta, da yi e yo mu ne",hao! qing ba ta gei wo,Хао! Цин ба та гэй во,هاو تشينغ با تا گي وو,hao! qing ba ta gei wo,hao! qing ba ta gei wo,ハオ！チン バー ター ゲイ ウォ,"bi yang! dong le mua, xi er te pu lai","Bien ! Donne-le-moi, s'il te plaît.","byan! don le mwa, sil te plai","khorosho! pozhaluysta, day eyo mne","Bien! Donne-le-moi, sil te plait","Бьен! Дон-ле-муа, силь те пле",بيان دون لو موا سيل تي بلي,"Bien! Donne-le-moi, sil te plait","Bien! Donne-le-moi, sil te plait",ビャン！ドン ル モワ、シル トゥ プレ,"bi yang! dong le mua, xi er te pu lai"
120,30,4,User,"Take it. Thank you! I'm a slow reader, I know that.","Тэйк ит. Фэнк ю! Ай эм а слоу ридер, ай ноу зэт.","Вот, возьми. Спасибо! Я знаю, что я медленный читатель.","Vot, vozmi. Spasibo! Ya znayu, chto ya medlennyy chitatel.",خذه. شكرًا! أنا قارئ بطيء، أعرف ذلك.,تيك ايت. ثانك يو! آي ام ا سلو ريدر، آي نو ذات,فوت، فوزمي. سباسيبو! يا زنايو، شتو يا ميدليني شيتاتيل,"Khudh. Shukran! Ana qari bati, arif dhalik.","Хуз. Шукран! Ана кари бати, ариф залик.",Khudh. Shukran!,"Tómalo. ¡Gracias! Soy un lector lento, lo sé.",Take it. Thank you!,"Vot, vozmi. Spasibo!","Tomalo. Gracias! Soy un lector lento, lo se.","Томало. Грасиас! Сой ун лектор ленто, ло се.",تومالو. غراسياس! سوي اون ليكتور لينتو، لو سي,"Chudh. Schukran! Ana qari bati, arif dhalik.",フズ。シュクラン！アナ カーリ バティ、アリフ ザーリク。,"hu zi. shu ke lan! a na ka li ba ti, a li fu za li ke.","Khoudh. Choukran ! Ana qari bati, arif dhalik.","Tomalo. Gracias! Soy un lector lento, lo se.",トマロ。グラシアス！ソイ ウン レクトール レント、ロー セ。,"tuo ma luo. ge la si a si! suo yi wu en le ke tuo er len tuo, luo se.","Tomalo. Gracias ! Soy un lector lento, lo se.","Nimm es. Danke! Ich bin ein langsamer Leser, ich weiß.","Nimm es. Danke! Ich bin ein langsamer Leser, ich weiß.","Wot, wosmi. Spasibo! Ja snaju, tschto ja medlenny tschitatel.","Take it. Thank you! Im a slow reader, I know that.","Нимм эс. Данке! Их бин айн лангзамер лезер, их вайс.",نيم اس. دانكه! إيخ بين آين لانغزامر ليزر، إيخ فايس,Nimm es. Danke!,ニム エス。ダンケ！イヒ ビン アイン ランクザーマー レザー、イヒ ヴァイス。,"ni mu e si. dan ke! i he bin ai yin lang za ma er le ze, i he wai si.","Nimm es. Danke ! Ich bin ein langsamer Leser, ich weiß.",受け取って。ありがとう！私は読むのが遅い、知ってるよ。,テイク イット。サンキュー！アイム ア スロー リーダー、アイ ノウ ザット。,ヴォート、ヴォズミ。スパシーボ！ヤ ズナユ、チュト ヤ メドレンニー チターテル。,"Uketotte. Arigatou! Watashi wa yomu no ga osoi, shitteru yo.","Укэтоттэ. Аригато! Ваташи ва ёму но га осой, шиттэру ё.",اوكيتوتي. اريغاتو! واتاشي وا يومو نو غا اوسوي، شيتيرو يو,Uketotte. Arigatou!,"Uketotte. Arigatou! Wataschi wa yomu no ga osoi, schitteru yo.","wu ke tuo te. a li ga tuo! wa ta shi wa yo mu nuo ga o soi, shi te lu yo.","Uketotte. Arigatou ! Watashi wa yomu no ga osoi, shitteru yo.",拿去吧。谢谢！我知道我是个慢读者。,"tei ke i te. sang ke yu! ai mu a si lou ri de, ai nuo za te.","wo te, wo zi mi. si pa xi bo! ya zi na yu, qi tuo ya mie de lien ni qi ta te er.",Na qu ba. Xiexie! Wo zhidao wo shi ge man duzhe.,На цюй ба. Сесе! Во чжидао во ши ге ман дуже.,نا تشو با. شيشي! وو جيداو وو شي غي مان دوجي,na qu ba. xie xie!,Na qu ba. Xiexie! Wo zhidao wo schi ge man duzhe.,ナ チュイ バ。シェシェ！ウォ ジダオ ウォ シー ゲ マン ドゥジェ。,Na qu ba. Xiexie ! Wo zhidao wo shi ge man duzhe.,"Prends-le. Merci ! Je suis un lecteur lent, je le sais.","Prends-le. Merci ! Je suis un lecteur lent, je le sais.","Vot, vozmi. Spasibo ! Ia znaïou, tchto ia medlennyï tchitatel.","Take it. Thank you! Im a slow reader, I know that.","Пран-ле. Мерси! Же сюи ун лектор лан, же ле сэ.",بران لو. ميرسي! جي سوي اون ليكتور لان، جي لو سي,Prends-le. Merci!,"Prends-le. Merci! Je suis un lecteur lent, je le sais.",プラン ル。メルシー！ジュ スイ ウン レクトール ラン、ジュ ル セ。,"pu rang le. mei er xi! zhe sui wu en le ke tuo er lang, zhe le sai."